region;year;all_GDPscen;all_in;RPKCAP;
CAZ;1965;gdp_SSP1;entrp_pass_lo_B;1081.983303;
CAZ;1970;gdp_SSP1;entrp_pass_lo_B;994.9555161;
CAZ;1975;gdp_SSP1;entrp_pass_lo_B;907.2256604;
CAZ;1980;gdp_SSP1;entrp_pass_lo_B;859.8806242;
CAZ;1985;gdp_SSP1;entrp_pass_lo_B;811.1165726;
CAZ;1990;gdp_SSP1;entrp_pass_lo_B;756.6018387;
CAZ;1995;gdp_SSP1;entrp_pass_lo_B;841.1939435;
CAZ;2000;gdp_SSP1;entrp_pass_lo_B;920.6243695;
CAZ;2005;gdp_SSP1;entrp_pass_lo_B;985.8897644;
CAZ;2010;gdp_SSP1;entrp_pass_lo_B;1207.987999;
CAZ;2015;gdp_SSP1;entrp_pass_lo_B;2101.936646;
CAZ;2020;gdp_SSP1;entrp_pass_lo_B;952.8618639;
CAZ;2025;gdp_SSP1;entrp_pass_lo_B;2072.135778;
CAZ;2030;gdp_SSP1;entrp_pass_lo_B;2777.521364;
CAZ;2035;gdp_SSP1;entrp_pass_lo_B;2997.127734;
CAZ;2040;gdp_SSP1;entrp_pass_lo_B;3170.54597;
CAZ;2045;gdp_SSP1;entrp_pass_lo_B;3343.804928;
CAZ;2050;gdp_SSP1;entrp_pass_lo_B;3395.817674;
CAZ;2055;gdp_SSP1;entrp_pass_lo_B;3410.384031;
CAZ;2060;gdp_SSP1;entrp_pass_lo_B;3414.051553;
CAZ;2070;gdp_SSP1;entrp_pass_lo_B;3417.01611;
CAZ;2080;gdp_SSP1;entrp_pass_lo_B;3416.642215;
CAZ;2090;gdp_SSP1;entrp_pass_lo_B;3416.324703;
CAZ;2100;gdp_SSP1;entrp_pass_lo_B;3417.03066;
CAZ;2110;gdp_SSP1;entrp_pass_lo_B;3417.03066;
CAZ;2130;gdp_SSP1;entrp_pass_lo_B;3417.03066;
CAZ;2150;gdp_SSP1;entrp_pass_lo_B;3417.03066;
CHA;1965;gdp_SSP1;entrp_pass_lo_B;41.31772076;
CHA;1970;gdp_SSP1;entrp_pass_lo_B;36.10343522;
CHA;1975;gdp_SSP1;entrp_pass_lo_B;32.2472576;
CHA;1980;gdp_SSP1;entrp_pass_lo_B;30.09066506;
CHA;1985;gdp_SSP1;entrp_pass_lo_B;28.08669994;
CHA;1990;gdp_SSP1;entrp_pass_lo_B;26.02008454;
CHA;1995;gdp_SSP1;entrp_pass_lo_B;45.06574418;
CHA;2000;gdp_SSP1;entrp_pass_lo_B;62.60897884;
CHA;2005;gdp_SSP1;entrp_pass_lo_B;79.6230299;
CHA;2010;gdp_SSP1;entrp_pass_lo_B;101.2887363;
CHA;2015;gdp_SSP1;entrp_pass_lo_B;132.8496814;
CHA;2020;gdp_SSP1;entrp_pass_lo_B;54.47664635;
CHA;2025;gdp_SSP1;entrp_pass_lo_B;164.9612063;
CHA;2030;gdp_SSP1;entrp_pass_lo_B;279.5007129;
CHA;2035;gdp_SSP1;entrp_pass_lo_B;352.570927;
CHA;2040;gdp_SSP1;entrp_pass_lo_B;429.1766022;
CHA;2045;gdp_SSP1;entrp_pass_lo_B;510.0451496;
CHA;2050;gdp_SSP1;entrp_pass_lo_B;589.962312;
CHA;2055;gdp_SSP1;entrp_pass_lo_B;666.6653666;
CHA;2060;gdp_SSP1;entrp_pass_lo_B;748.6467844;
CHA;2070;gdp_SSP1;entrp_pass_lo_B;899.658346;
CHA;2080;gdp_SSP1;entrp_pass_lo_B;1040.313917;
CHA;2090;gdp_SSP1;entrp_pass_lo_B;1187.210189;
CHA;2100;gdp_SSP1;entrp_pass_lo_B;1342.008502;
CHA;2110;gdp_SSP1;entrp_pass_lo_B;1342.008502;
CHA;2130;gdp_SSP1;entrp_pass_lo_B;1342.008502;
CHA;2150;gdp_SSP1;entrp_pass_lo_B;1342.008502;
DEU;1965;gdp_SSP1;entrp_pass_lo_B;819.9721854;
DEU;1970;gdp_SSP1;entrp_pass_lo_B;796.8361718;
DEU;1975;gdp_SSP1;entrp_pass_lo_B;791.7287809;
DEU;1980;gdp_SSP1;entrp_pass_lo_B;795.6220458;
DEU;1985;gdp_SSP1;entrp_pass_lo_B;801.8049666;
DEU;1990;gdp_SSP1;entrp_pass_lo_B;784.1589045;
DEU;1995;gdp_SSP1;entrp_pass_lo_B;923.4022859;
DEU;2000;gdp_SSP1;entrp_pass_lo_B;1077.164039;
DEU;2005;gdp_SSP1;entrp_pass_lo_B;1233.049287;
DEU;2010;gdp_SSP1;entrp_pass_lo_B;1428.368624;
DEU;2015;gdp_SSP1;entrp_pass_lo_B;1613.37702;
DEU;2020;gdp_SSP1;entrp_pass_lo_B;1616.363609;
DEU;2025;gdp_SSP1;entrp_pass_lo_B;1619.626984;
DEU;2030;gdp_SSP1;entrp_pass_lo_B;1624.8925;
DEU;2035;gdp_SSP1;entrp_pass_lo_B;1632.5675;
DEU;2040;gdp_SSP1;entrp_pass_lo_B;1642.421186;
DEU;2045;gdp_SSP1;entrp_pass_lo_B;1654.576956;
DEU;2050;gdp_SSP1;entrp_pass_lo_B;1669.676324;
DEU;2055;gdp_SSP1;entrp_pass_lo_B;1689.19688;
DEU;2060;gdp_SSP1;entrp_pass_lo_B;1710.053423;
DEU;2070;gdp_SSP1;entrp_pass_lo_B;1758.756137;
DEU;2080;gdp_SSP1;entrp_pass_lo_B;1815.202269;
DEU;2090;gdp_SSP1;entrp_pass_lo_B;1887.390174;
DEU;2100;gdp_SSP1;entrp_pass_lo_B;1981.001735;
DEU;2110;gdp_SSP1;entrp_pass_lo_B;1981.001735;
DEU;2130;gdp_SSP1;entrp_pass_lo_B;1981.001735;
DEU;2150;gdp_SSP1;entrp_pass_lo_B;1981.001735;
ECE;1965;gdp_SSP1;entrp_pass_lo_B;181.5561028;
ECE;1970;gdp_SSP1;entrp_pass_lo_B;175.5211373;
ECE;1975;gdp_SSP1;entrp_pass_lo_B;169.0001107;
ECE;1980;gdp_SSP1;entrp_pass_lo_B;162.4437095;
ECE;1985;gdp_SSP1;entrp_pass_lo_B;156.8111116;
ECE;1990;gdp_SSP1;entrp_pass_lo_B;153.4535578;
ECE;1995;gdp_SSP1;entrp_pass_lo_B;163.8097375;
ECE;2000;gdp_SSP1;entrp_pass_lo_B;176.4748841;
ECE;2005;gdp_SSP1;entrp_pass_lo_B;188.8965026;
ECE;2010;gdp_SSP1;entrp_pass_lo_B;258.5263089;
ECE;2015;gdp_SSP1;entrp_pass_lo_B;307.6798602;
ECE;2020;gdp_SSP1;entrp_pass_lo_B;305.9153475;
ECE;2025;gdp_SSP1;entrp_pass_lo_B;305.2357506;
ECE;2030;gdp_SSP1;entrp_pass_lo_B;306.0890504;
ECE;2035;gdp_SSP1;entrp_pass_lo_B;308.551257;
ECE;2040;gdp_SSP1;entrp_pass_lo_B;311.6984032;
ECE;2045;gdp_SSP1;entrp_pass_lo_B;314.8553803;
ECE;2050;gdp_SSP1;entrp_pass_lo_B;317.9907494;
ECE;2055;gdp_SSP1;entrp_pass_lo_B;322.5929474;
ECE;2060;gdp_SSP1;entrp_pass_lo_B;328.1385967;
ECE;2070;gdp_SSP1;entrp_pass_lo_B;344.0054241;
ECE;2080;gdp_SSP1;entrp_pass_lo_B;363.7412661;
ECE;2090;gdp_SSP1;entrp_pass_lo_B;383.2849383;
ECE;2100;gdp_SSP1;entrp_pass_lo_B;402.3109391;
ECE;2110;gdp_SSP1;entrp_pass_lo_B;402.3109391;
ECE;2130;gdp_SSP1;entrp_pass_lo_B;402.3109391;
ECE;2150;gdp_SSP1;entrp_pass_lo_B;402.3109391;
ECS;1965;gdp_SSP1;entrp_pass_lo_B;266.5509445;
ECS;1970;gdp_SSP1;entrp_pass_lo_B;255.3855437;
ECS;1975;gdp_SSP1;entrp_pass_lo_B;246.4008749;
ECS;1980;gdp_SSP1;entrp_pass_lo_B;239.0442737;
ECS;1985;gdp_SSP1;entrp_pass_lo_B;235.6166817;
ECS;1990;gdp_SSP1;entrp_pass_lo_B;235.3048533;
ECS;1995;gdp_SSP1;entrp_pass_lo_B;224.9087289;
ECS;2000;gdp_SSP1;entrp_pass_lo_B;213.3713601;
ECS;2005;gdp_SSP1;entrp_pass_lo_B;205.3633372;
ECS;2010;gdp_SSP1;entrp_pass_lo_B;229.9823593;
ECS;2015;gdp_SSP1;entrp_pass_lo_B;409.3703234;
ECS;2020;gdp_SSP1;entrp_pass_lo_B;413.899034;
ECS;2025;gdp_SSP1;entrp_pass_lo_B;418.6548376;
ECS;2030;gdp_SSP1;entrp_pass_lo_B;423.7437009;
ECS;2035;gdp_SSP1;entrp_pass_lo_B;429.3264686;
ECS;2040;gdp_SSP1;entrp_pass_lo_B;435.4144297;
ECS;2045;gdp_SSP1;entrp_pass_lo_B;442.17078;
ECS;2050;gdp_SSP1;entrp_pass_lo_B;449.8221912;
ECS;2055;gdp_SSP1;entrp_pass_lo_B;461.2443258;
ECS;2060;gdp_SSP1;entrp_pass_lo_B;474.0701048;
ECS;2070;gdp_SSP1;entrp_pass_lo_B;505.4402505;
ECS;2080;gdp_SSP1;entrp_pass_lo_B;541.4366234;
ECS;2090;gdp_SSP1;entrp_pass_lo_B;578.245263;
ECS;2100;gdp_SSP1;entrp_pass_lo_B;615.6818468;
ECS;2110;gdp_SSP1;entrp_pass_lo_B;615.6818468;
ECS;2130;gdp_SSP1;entrp_pass_lo_B;615.6818468;
ECS;2150;gdp_SSP1;entrp_pass_lo_B;615.6818468;
ENC;1965;gdp_SSP1;entrp_pass_lo_B;1034.107906;
ENC;1970;gdp_SSP1;entrp_pass_lo_B;1003.436009;
ENC;1975;gdp_SSP1;entrp_pass_lo_B;981.7419754;
ENC;1980;gdp_SSP1;entrp_pass_lo_B;968.2107135;
ENC;1985;gdp_SSP1;entrp_pass_lo_B;960.0100871;
ENC;1990;gdp_SSP1;entrp_pass_lo_B;943.491431;
ENC;1995;gdp_SSP1;entrp_pass_lo_B;1070.101067;
ENC;2000;gdp_SSP1;entrp_pass_lo_B;1206.407781;
ENC;2005;gdp_SSP1;entrp_pass_lo_B;1333.716691;
ENC;2010;gdp_SSP1;entrp_pass_lo_B;1489.288742;
ENC;2015;gdp_SSP1;entrp_pass_lo_B;1924.261834;
ENC;2020;gdp_SSP1;entrp_pass_lo_B;1866.006074;
ENC;2025;gdp_SSP1;entrp_pass_lo_B;1809.772829;
ENC;2030;gdp_SSP1;entrp_pass_lo_B;1760.585703;
ENC;2035;gdp_SSP1;entrp_pass_lo_B;1718.028932;
ENC;2040;gdp_SSP1;entrp_pass_lo_B;1678.347431;
ENC;2045;gdp_SSP1;entrp_pass_lo_B;1638.798779;
ENC;2050;gdp_SSP1;entrp_pass_lo_B;1599.027385;
ENC;2055;gdp_SSP1;entrp_pass_lo_B;1560.035364;
ENC;2060;gdp_SSP1;entrp_pass_lo_B;1523.613073;
ENC;2070;gdp_SSP1;entrp_pass_lo_B;1464.75271;
ENC;2080;gdp_SSP1;entrp_pass_lo_B;1419.310232;
ENC;2090;gdp_SSP1;entrp_pass_lo_B;1388.594885;
ENC;2100;gdp_SSP1;entrp_pass_lo_B;1375.163667;
ENC;2110;gdp_SSP1;entrp_pass_lo_B;1375.163667;
ENC;2130;gdp_SSP1;entrp_pass_lo_B;1375.163667;
ENC;2150;gdp_SSP1;entrp_pass_lo_B;1375.163667;
ESC;1965;gdp_SSP1;entrp_pass_lo_B;587.8502819;
ESC;1970;gdp_SSP1;entrp_pass_lo_B;569.6359979;
ESC;1975;gdp_SSP1;entrp_pass_lo_B;553.0052412;
ESC;1980;gdp_SSP1;entrp_pass_lo_B;539.5102143;
ESC;1985;gdp_SSP1;entrp_pass_lo_B;535.6051007;
ESC;1990;gdp_SSP1;entrp_pass_lo_B;531.9105909;
ESC;1995;gdp_SSP1;entrp_pass_lo_B;629.394382;
ESC;2000;gdp_SSP1;entrp_pass_lo_B;726.8657943;
ESC;2005;gdp_SSP1;entrp_pass_lo_B;812.9830686;
ESC;2010;gdp_SSP1;entrp_pass_lo_B;865.6258089;
ESC;2015;gdp_SSP1;entrp_pass_lo_B;1111.418456;
ESC;2020;gdp_SSP1;entrp_pass_lo_B;1104.205501;
ESC;2025;gdp_SSP1;entrp_pass_lo_B;1098.521297;
ESC;2030;gdp_SSP1;entrp_pass_lo_B;1093.297357;
ESC;2035;gdp_SSP1;entrp_pass_lo_B;1088.689991;
ESC;2040;gdp_SSP1;entrp_pass_lo_B;1085.402401;
ESC;2045;gdp_SSP1;entrp_pass_lo_B;1084.836517;
ESC;2050;gdp_SSP1;entrp_pass_lo_B;1087.798191;
ESC;2055;gdp_SSP1;entrp_pass_lo_B;1097.250251;
ESC;2060;gdp_SSP1;entrp_pass_lo_B;1109.540554;
ESC;2070;gdp_SSP1;entrp_pass_lo_B;1143.683503;
ESC;2080;gdp_SSP1;entrp_pass_lo_B;1183.154335;
ESC;2090;gdp_SSP1;entrp_pass_lo_B;1227.069331;
ESC;2100;gdp_SSP1;entrp_pass_lo_B;1285.876554;
ESC;2110;gdp_SSP1;entrp_pass_lo_B;1285.876554;
ESC;2130;gdp_SSP1;entrp_pass_lo_B;1285.876554;
ESC;2150;gdp_SSP1;entrp_pass_lo_B;1285.876554;
ESW;1965;gdp_SSP1;entrp_pass_lo_B;542.468813;
ESW;1970;gdp_SSP1;entrp_pass_lo_B;522.7834773;
ESW;1975;gdp_SSP1;entrp_pass_lo_B;495.3174006;
ESW;1980;gdp_SSP1;entrp_pass_lo_B;470.0983931;
ESW;1985;gdp_SSP1;entrp_pass_lo_B;458.1198675;
ESW;1990;gdp_SSP1;entrp_pass_lo_B;454.7680333;
ESW;1995;gdp_SSP1;entrp_pass_lo_B;657.5646511;
ESW;2000;gdp_SSP1;entrp_pass_lo_B;849.6700268;
ESW;2005;gdp_SSP1;entrp_pass_lo_B;991.7674864;
ESW;2010;gdp_SSP1;entrp_pass_lo_B;1028.913335;
ESW;2015;gdp_SSP1;entrp_pass_lo_B;1905.568321;
ESW;2020;gdp_SSP1;entrp_pass_lo_B;1862.241456;
ESW;2025;gdp_SSP1;entrp_pass_lo_B;1827.26354;
ESW;2030;gdp_SSP1;entrp_pass_lo_B;1796.431756;
ESW;2035;gdp_SSP1;entrp_pass_lo_B;1765.497563;
ESW;2040;gdp_SSP1;entrp_pass_lo_B;1734.916032;
ESW;2045;gdp_SSP1;entrp_pass_lo_B;1708.580077;
ESW;2050;gdp_SSP1;entrp_pass_lo_B;1689.429539;
ESW;2055;gdp_SSP1;entrp_pass_lo_B;1685.314176;
ESW;2060;gdp_SSP1;entrp_pass_lo_B;1688.063577;
ESW;2070;gdp_SSP1;entrp_pass_lo_B;1712.785586;
ESW;2080;gdp_SSP1;entrp_pass_lo_B;1750.709849;
ESW;2090;gdp_SSP1;entrp_pass_lo_B;1798.809838;
ESW;2100;gdp_SSP1;entrp_pass_lo_B;1867.020649;
ESW;2110;gdp_SSP1;entrp_pass_lo_B;1867.020649;
ESW;2130;gdp_SSP1;entrp_pass_lo_B;1867.020649;
ESW;2150;gdp_SSP1;entrp_pass_lo_B;1867.020649;
EWN;1965;gdp_SSP1;entrp_pass_lo_B;1380.596495;
EWN;1970;gdp_SSP1;entrp_pass_lo_B;1329.015074;
EWN;1975;gdp_SSP1;entrp_pass_lo_B;1290.73541;
EWN;1980;gdp_SSP1;entrp_pass_lo_B;1269.801622;
EWN;1985;gdp_SSP1;entrp_pass_lo_B;1255.68008;
EWN;1990;gdp_SSP1;entrp_pass_lo_B;1229.142975;
EWN;1995;gdp_SSP1;entrp_pass_lo_B;1584.651274;
EWN;2000;gdp_SSP1;entrp_pass_lo_B;1937.090503;
EWN;2005;gdp_SSP1;entrp_pass_lo_B;2263.610227;
EWN;2010;gdp_SSP1;entrp_pass_lo_B;2377.230886;
EWN;2015;gdp_SSP1;entrp_pass_lo_B;2530.122142;
EWN;2020;gdp_SSP1;entrp_pass_lo_B;2482.451007;
EWN;2025;gdp_SSP1;entrp_pass_lo_B;2437.276507;
EWN;2030;gdp_SSP1;entrp_pass_lo_B;2397.536816;
EWN;2035;gdp_SSP1;entrp_pass_lo_B;2364.771339;
EWN;2040;gdp_SSP1;entrp_pass_lo_B;2337.786794;
EWN;2045;gdp_SSP1;entrp_pass_lo_B;2315.680732;
EWN;2050;gdp_SSP1;entrp_pass_lo_B;2297.53339;
EWN;2055;gdp_SSP1;entrp_pass_lo_B;2279.914466;
EWN;2060;gdp_SSP1;entrp_pass_lo_B;2265.039173;
EWN;2070;gdp_SSP1;entrp_pass_lo_B;2248.436681;
EWN;2080;gdp_SSP1;entrp_pass_lo_B;2245.648047;
EWN;2090;gdp_SSP1;entrp_pass_lo_B;2261.888283;
EWN;2100;gdp_SSP1;entrp_pass_lo_B;2304.52932;
EWN;2110;gdp_SSP1;entrp_pass_lo_B;2304.52932;
EWN;2130;gdp_SSP1;entrp_pass_lo_B;2304.52932;
EWN;2150;gdp_SSP1;entrp_pass_lo_B;2304.52932;
FRA;1965;gdp_SSP1;entrp_pass_lo_B;881.0250502;
FRA;1970;gdp_SSP1;entrp_pass_lo_B;846.9706455;
FRA;1975;gdp_SSP1;entrp_pass_lo_B;812.3522029;
FRA;1980;gdp_SSP1;entrp_pass_lo_B;796.378302;
FRA;1985;gdp_SSP1;entrp_pass_lo_B;775.9779149;
FRA;1990;gdp_SSP1;entrp_pass_lo_B;753.2059989;
FRA;1995;gdp_SSP1;entrp_pass_lo_B;909.0063789;
FRA;2000;gdp_SSP1;entrp_pass_lo_B;1053.572469;
FRA;2005;gdp_SSP1;entrp_pass_lo_B;1174.869618;
FRA;2010;gdp_SSP1;entrp_pass_lo_B;1245.082177;
FRA;2015;gdp_SSP1;entrp_pass_lo_B;1432.49697;
FRA;2020;gdp_SSP1;entrp_pass_lo_B;1398.020987;
FRA;2025;gdp_SSP1;entrp_pass_lo_B;1365.621333;
FRA;2030;gdp_SSP1;entrp_pass_lo_B;1335.900009;
FRA;2035;gdp_SSP1;entrp_pass_lo_B;1308.853487;
FRA;2040;gdp_SSP1;entrp_pass_lo_B;1284.78554;
FRA;2045;gdp_SSP1;entrp_pass_lo_B;1264.24012;
FRA;2050;gdp_SSP1;entrp_pass_lo_B;1246.927598;
FRA;2055;gdp_SSP1;entrp_pass_lo_B;1227.502854;
FRA;2060;gdp_SSP1;entrp_pass_lo_B;1209.576944;
FRA;2070;gdp_SSP1;entrp_pass_lo_B;1179.676379;
FRA;2080;gdp_SSP1;entrp_pass_lo_B;1157.135186;
FRA;2090;gdp_SSP1;entrp_pass_lo_B;1146.213219;
FRA;2100;gdp_SSP1;entrp_pass_lo_B;1149.755159;
FRA;2110;gdp_SSP1;entrp_pass_lo_B;1149.755159;
FRA;2130;gdp_SSP1;entrp_pass_lo_B;1149.755159;
FRA;2150;gdp_SSP1;entrp_pass_lo_B;1149.755159;
IND;1965;gdp_SSP1;entrp_pass_lo_B;22.01554337;
IND;1970;gdp_SSP1;entrp_pass_lo_B;19.79337663;
IND;1975;gdp_SSP1;entrp_pass_lo_B;17.63585654;
IND;1980;gdp_SSP1;entrp_pass_lo_B;15.72538347;
IND;1985;gdp_SSP1;entrp_pass_lo_B;14.01772444;
IND;1990;gdp_SSP1;entrp_pass_lo_B;12.59253695;
IND;1995;gdp_SSP1;entrp_pass_lo_B;15.07874485;
IND;2000;gdp_SSP1;entrp_pass_lo_B;17.10132226;
IND;2005;gdp_SSP1;entrp_pass_lo_B;18.82169262;
IND;2010;gdp_SSP1;entrp_pass_lo_B;28.9982209;
IND;2015;gdp_SSP1;entrp_pass_lo_B;39.56912839;
IND;2020;gdp_SSP1;entrp_pass_lo_B;16.13116453;
IND;2025;gdp_SSP1;entrp_pass_lo_B;34.19551154;
IND;2030;gdp_SSP1;entrp_pass_lo_B;44.7361911;
IND;2035;gdp_SSP1;entrp_pass_lo_B;46.79565038;
IND;2040;gdp_SSP1;entrp_pass_lo_B;48.82821213;
IND;2045;gdp_SSP1;entrp_pass_lo_B;50.79852971;
IND;2050;gdp_SSP1;entrp_pass_lo_B;52.71601821;
IND;2055;gdp_SSP1;entrp_pass_lo_B;54.64834737;
IND;2060;gdp_SSP1;entrp_pass_lo_B;56.57014997;
IND;2070;gdp_SSP1;entrp_pass_lo_B;60.34865251;
IND;2080;gdp_SSP1;entrp_pass_lo_B;63.92711208;
IND;2090;gdp_SSP1;entrp_pass_lo_B;67.40171455;
IND;2100;gdp_SSP1;entrp_pass_lo_B;70.74144874;
IND;2110;gdp_SSP1;entrp_pass_lo_B;70.74144874;
IND;2130;gdp_SSP1;entrp_pass_lo_B;70.74144874;
IND;2150;gdp_SSP1;entrp_pass_lo_B;70.74144874;
JPN;1965;gdp_SSP1;entrp_pass_lo_B;528.610206;
JPN;1970;gdp_SSP1;entrp_pass_lo_B;500.9397959;
JPN;1975;gdp_SSP1;entrp_pass_lo_B;466.951608;
JPN;1980;gdp_SSP1;entrp_pass_lo_B;447.5909215;
JPN;1985;gdp_SSP1;entrp_pass_lo_B;432.86817;
JPN;1990;gdp_SSP1;entrp_pass_lo_B;423.1166614;
JPN;1995;gdp_SSP1;entrp_pass_lo_B;495.4197498;
JPN;2000;gdp_SSP1;entrp_pass_lo_B;567.7834331;
JPN;2005;gdp_SSP1;entrp_pass_lo_B;640.931574;
JPN;2010;gdp_SSP1;entrp_pass_lo_B;546.7322558;
JPN;2015;gdp_SSP1;entrp_pass_lo_B;697.6801347;
JPN;2020;gdp_SSP1;entrp_pass_lo_B;281.9220943;
JPN;2025;gdp_SSP1;entrp_pass_lo_B;617.5062447;
JPN;2030;gdp_SSP1;entrp_pass_lo_B;837.8651843;
JPN;2035;gdp_SSP1;entrp_pass_lo_B;900.7416821;
JPN;2040;gdp_SSP1;entrp_pass_lo_B;961.2982902;
JPN;2045;gdp_SSP1;entrp_pass_lo_B;1031.677772;
JPN;2050;gdp_SSP1;entrp_pass_lo_B;1107.441892;
JPN;2055;gdp_SSP1;entrp_pass_lo_B;1184.455211;
JPN;2060;gdp_SSP1;entrp_pass_lo_B;1263.506589;
JPN;2070;gdp_SSP1;entrp_pass_lo_B;1390.082046;
JPN;2080;gdp_SSP1;entrp_pass_lo_B;1449.062977;
JPN;2090;gdp_SSP1;entrp_pass_lo_B;1464.858433;
JPN;2100;gdp_SSP1;entrp_pass_lo_B;1467.039056;
JPN;2110;gdp_SSP1;entrp_pass_lo_B;1467.039056;
JPN;2130;gdp_SSP1;entrp_pass_lo_B;1467.039056;
JPN;2150;gdp_SSP1;entrp_pass_lo_B;1467.039056;
LAM;1965;gdp_SSP1;entrp_pass_lo_B;239.4305367;
LAM;1970;gdp_SSP1;entrp_pass_lo_B;210.6000915;
LAM;1975;gdp_SSP1;entrp_pass_lo_B;186.4948616;
LAM;1980;gdp_SSP1;entrp_pass_lo_B;166.5518787;
LAM;1985;gdp_SSP1;entrp_pass_lo_B;149.7930137;
LAM;1990;gdp_SSP1;entrp_pass_lo_B;136.0636646;
LAM;1995;gdp_SSP1;entrp_pass_lo_B;147.9415361;
LAM;2000;gdp_SSP1;entrp_pass_lo_B;158.5704576;
LAM;2005;gdp_SSP1;entrp_pass_lo_B;168.638539;
LAM;2010;gdp_SSP1;entrp_pass_lo_B;197.3331277;
LAM;2015;gdp_SSP1;entrp_pass_lo_B;242.667287;
LAM;2020;gdp_SSP1;entrp_pass_lo_B;94.61630787;
LAM;2025;gdp_SSP1;entrp_pass_lo_B;229.131667;
LAM;2030;gdp_SSP1;entrp_pass_lo_B;339.1526888;
LAM;2035;gdp_SSP1;entrp_pass_lo_B;398.7927521;
LAM;2040;gdp_SSP1;entrp_pass_lo_B;467.2732308;
LAM;2045;gdp_SSP1;entrp_pass_lo_B;546.1591573;
LAM;2050;gdp_SSP1;entrp_pass_lo_B;637.5768305;
LAM;2055;gdp_SSP1;entrp_pass_lo_B;743.5387063;
LAM;2060;gdp_SSP1;entrp_pass_lo_B;865.7117685;
LAM;2070;gdp_SSP1;entrp_pass_lo_B;1162.99221;
LAM;2080;gdp_SSP1;entrp_pass_lo_B;1546.273697;
LAM;2090;gdp_SSP1;entrp_pass_lo_B;1916.877246;
LAM;2100;gdp_SSP1;entrp_pass_lo_B;2278.997553;
LAM;2110;gdp_SSP1;entrp_pass_lo_B;2278.997553;
LAM;2130;gdp_SSP1;entrp_pass_lo_B;2278.997553;
LAM;2150;gdp_SSP1;entrp_pass_lo_B;2278.997553;
MEA;1965;gdp_SSP1;entrp_pass_lo_B;883.6260746;
MEA;1970;gdp_SSP1;entrp_pass_lo_B;768.7861723;
MEA;1975;gdp_SSP1;entrp_pass_lo_B;669.3213189;
MEA;1980;gdp_SSP1;entrp_pass_lo_B;575.0837529;
MEA;1985;gdp_SSP1;entrp_pass_lo_B;488.231783;
MEA;1990;gdp_SSP1;entrp_pass_lo_B;421.3903229;
MEA;1995;gdp_SSP1;entrp_pass_lo_B;411.1522213;
MEA;2000;gdp_SSP1;entrp_pass_lo_B;404.7943699;
MEA;2005;gdp_SSP1;entrp_pass_lo_B;397.2213366;
MEA;2010;gdp_SSP1;entrp_pass_lo_B;507.4700608;
MEA;2015;gdp_SSP1;entrp_pass_lo_B;590.6090396;
MEA;2020;gdp_SSP1;entrp_pass_lo_B;219.5878691;
MEA;2025;gdp_SSP1;entrp_pass_lo_B;454.8512664;
MEA;2030;gdp_SSP1;entrp_pass_lo_B;584.2283187;
MEA;2035;gdp_SSP1;entrp_pass_lo_B;601.0115112;
MEA;2040;gdp_SSP1;entrp_pass_lo_B;617.3714341;
MEA;2045;gdp_SSP1;entrp_pass_lo_B;633.1652494;
MEA;2050;gdp_SSP1;entrp_pass_lo_B;648.5598674;
MEA;2055;gdp_SSP1;entrp_pass_lo_B;664.8172214;
MEA;2060;gdp_SSP1;entrp_pass_lo_B;681.8676245;
MEA;2070;gdp_SSP1;entrp_pass_lo_B;717.4709913;
MEA;2080;gdp_SSP1;entrp_pass_lo_B;753.8880409;
MEA;2090;gdp_SSP1;entrp_pass_lo_B;782.3814908;
MEA;2100;gdp_SSP1;entrp_pass_lo_B;789.5179864;
MEA;2110;gdp_SSP1;entrp_pass_lo_B;789.5179864;
MEA;2130;gdp_SSP1;entrp_pass_lo_B;789.5179864;
MEA;2150;gdp_SSP1;entrp_pass_lo_B;789.5179864;
NEN;1965;gdp_SSP1;entrp_pass_lo_B;1130.822003;
NEN;1970;gdp_SSP1;entrp_pass_lo_B;1076.195498;
NEN;1975;gdp_SSP1;entrp_pass_lo_B;1045.011201;
NEN;1980;gdp_SSP1;entrp_pass_lo_B;1037.955991;
NEN;1985;gdp_SSP1;entrp_pass_lo_B;1015.622288;
NEN;1990;gdp_SSP1;entrp_pass_lo_B;984.0282624;
NEN;1995;gdp_SSP1;entrp_pass_lo_B;988.1753261;
NEN;2000;gdp_SSP1;entrp_pass_lo_B;1005.6682;
NEN;2005;gdp_SSP1;entrp_pass_lo_B;1013.212534;
NEN;2010;gdp_SSP1;entrp_pass_lo_B;1246.106205;
NEN;2015;gdp_SSP1;entrp_pass_lo_B;2522.601865;
NEN;2020;gdp_SSP1;entrp_pass_lo_B;2445.970943;
NEN;2025;gdp_SSP1;entrp_pass_lo_B;2369.894541;
NEN;2030;gdp_SSP1;entrp_pass_lo_B;2299.445064;
NEN;2035;gdp_SSP1;entrp_pass_lo_B;2237.495523;
NEN;2040;gdp_SSP1;entrp_pass_lo_B;2183.133626;
NEN;2045;gdp_SSP1;entrp_pass_lo_B;2133.939767;
NEN;2050;gdp_SSP1;entrp_pass_lo_B;2088.87938;
NEN;2055;gdp_SSP1;entrp_pass_lo_B;2040.810427;
NEN;2060;gdp_SSP1;entrp_pass_lo_B;1998.449952;
NEN;2070;gdp_SSP1;entrp_pass_lo_B;1938.748732;
NEN;2080;gdp_SSP1;entrp_pass_lo_B;1903.006677;
NEN;2090;gdp_SSP1;entrp_pass_lo_B;1890.910576;
NEN;2100;gdp_SSP1;entrp_pass_lo_B;1909.953386;
NEN;2110;gdp_SSP1;entrp_pass_lo_B;1909.953386;
NEN;2130;gdp_SSP1;entrp_pass_lo_B;1909.953386;
NEN;2150;gdp_SSP1;entrp_pass_lo_B;1909.953386;
NES;1965;gdp_SSP1;entrp_pass_lo_B;164.4146009;
NES;1970;gdp_SSP1;entrp_pass_lo_B;147.1099335;
NES;1975;gdp_SSP1;entrp_pass_lo_B;131.73337;
NES;1980;gdp_SSP1;entrp_pass_lo_B;118.6189772;
NES;1985;gdp_SSP1;entrp_pass_lo_B;107.0680472;
NES;1990;gdp_SSP1;entrp_pass_lo_B;88.25283258;
NES;1995;gdp_SSP1;entrp_pass_lo_B;119.1908854;
NES;2000;gdp_SSP1;entrp_pass_lo_B;146.8289795;
NES;2005;gdp_SSP1;entrp_pass_lo_B;171.0031305;
NES;2010;gdp_SSP1;entrp_pass_lo_B;143.85566;
NES;2015;gdp_SSP1;entrp_pass_lo_B;426.0463023;
NES;2020;gdp_SSP1;entrp_pass_lo_B;409.0836245;
NES;2025;gdp_SSP1;entrp_pass_lo_B;394.7600529;
NES;2030;gdp_SSP1;entrp_pass_lo_B;382.9924192;
NES;2035;gdp_SSP1;entrp_pass_lo_B;373.5421484;
NES;2040;gdp_SSP1;entrp_pass_lo_B;366.1305089;
NES;2045;gdp_SSP1;entrp_pass_lo_B;360.6100028;
NES;2050;gdp_SSP1;entrp_pass_lo_B;356.8321004;
NES;2055;gdp_SSP1;entrp_pass_lo_B;354.8961839;
NES;2060;gdp_SSP1;entrp_pass_lo_B;354.4795831;
NES;2070;gdp_SSP1;entrp_pass_lo_B;357.7125458;
NES;2080;gdp_SSP1;entrp_pass_lo_B;366.1831539;
NES;2090;gdp_SSP1;entrp_pass_lo_B;378.4297402;
NES;2100;gdp_SSP1;entrp_pass_lo_B;392.9217988;
NES;2110;gdp_SSP1;entrp_pass_lo_B;392.9217988;
NES;2130;gdp_SSP1;entrp_pass_lo_B;392.9217988;
NES;2150;gdp_SSP1;entrp_pass_lo_B;392.9217988;
OAS;1965;gdp_SSP1;entrp_pass_lo_B;169.6914647;
OAS;1970;gdp_SSP1;entrp_pass_lo_B;148.4305971;
OAS;1975;gdp_SSP1;entrp_pass_lo_B;131.6346217;
OAS;1980;gdp_SSP1;entrp_pass_lo_B;117.2128462;
OAS;1985;gdp_SSP1;entrp_pass_lo_B;104.4892902;
OAS;1990;gdp_SSP1;entrp_pass_lo_B;93.69375033;
OAS;1995;gdp_SSP1;entrp_pass_lo_B;120.8359844;
OAS;2000;gdp_SSP1;entrp_pass_lo_B;143.9033785;
OAS;2005;gdp_SSP1;entrp_pass_lo_B;163.9091032;
OAS;2010;gdp_SSP1;entrp_pass_lo_B;197.1661926;
OAS;2015;gdp_SSP1;entrp_pass_lo_B;237.7783612;
OAS;2020;gdp_SSP1;entrp_pass_lo_B;91.05297805;
OAS;2025;gdp_SSP1;entrp_pass_lo_B;191.3318815;
OAS;2030;gdp_SSP1;entrp_pass_lo_B;248.208765;
OAS;2035;gdp_SSP1;entrp_pass_lo_B;257.5453647;
OAS;2040;gdp_SSP1;entrp_pass_lo_B;266.8227807;
OAS;2045;gdp_SSP1;entrp_pass_lo_B;275.9807568;
OAS;2050;gdp_SSP1;entrp_pass_lo_B;285.0338734;
OAS;2055;gdp_SSP1;entrp_pass_lo_B;294.1395719;
OAS;2060;gdp_SSP1;entrp_pass_lo_B;303.3092878;
OAS;2070;gdp_SSP1;entrp_pass_lo_B;322.0103913;
OAS;2080;gdp_SSP1;entrp_pass_lo_B;340.7869576;
OAS;2090;gdp_SSP1;entrp_pass_lo_B;359.5144334;
OAS;2100;gdp_SSP1;entrp_pass_lo_B;378.1728454;
OAS;2110;gdp_SSP1;entrp_pass_lo_B;378.1728454;
OAS;2130;gdp_SSP1;entrp_pass_lo_B;378.1728454;
OAS;2150;gdp_SSP1;entrp_pass_lo_B;378.1728454;
REF;1965;gdp_SSP1;entrp_pass_lo_B;430.0393761;
REF;1970;gdp_SSP1;entrp_pass_lo_B;408.9399281;
REF;1975;gdp_SSP1;entrp_pass_lo_B;390.7633435;
REF;1980;gdp_SSP1;entrp_pass_lo_B;373.4921849;
REF;1985;gdp_SSP1;entrp_pass_lo_B;357.2386974;
REF;1990;gdp_SSP1;entrp_pass_lo_B;342.534238;
REF;1995;gdp_SSP1;entrp_pass_lo_B;287.5876477;
REF;2000;gdp_SSP1;entrp_pass_lo_B;238.0161198;
REF;2005;gdp_SSP1;entrp_pass_lo_B;187.6614831;
REF;2010;gdp_SSP1;entrp_pass_lo_B;219.7211314;
REF;2015;gdp_SSP1;entrp_pass_lo_B;248.9889868;
REF;2020;gdp_SSP1;entrp_pass_lo_B;93.58224608;
REF;2025;gdp_SSP1;entrp_pass_lo_B;248.2188074;
REF;2030;gdp_SSP1;entrp_pass_lo_B;396.4499974;
REF;2035;gdp_SSP1;entrp_pass_lo_B;490.2873059;
REF;2040;gdp_SSP1;entrp_pass_lo_B;584.9351264;
REF;2045;gdp_SSP1;entrp_pass_lo_B;674.0420347;
REF;2050;gdp_SSP1;entrp_pass_lo_B;757.4405743;
REF;2055;gdp_SSP1;entrp_pass_lo_B;844.1289278;
REF;2060;gdp_SSP1;entrp_pass_lo_B;954.4287745;
REF;2070;gdp_SSP1;entrp_pass_lo_B;1214.973607;
REF;2080;gdp_SSP1;entrp_pass_lo_B;1444.908943;
REF;2090;gdp_SSP1;entrp_pass_lo_B;1671.648486;
REF;2100;gdp_SSP1;entrp_pass_lo_B;1927.390976;
REF;2110;gdp_SSP1;entrp_pass_lo_B;1927.390976;
REF;2130;gdp_SSP1;entrp_pass_lo_B;1927.390976;
REF;2150;gdp_SSP1;entrp_pass_lo_B;1927.390976;
SSA;1965;gdp_SSP1;entrp_pass_lo_B;86.04028554;
SSA;1970;gdp_SSP1;entrp_pass_lo_B;75.8143947;
SSA;1975;gdp_SSP1;entrp_pass_lo_B;66.35881358;
SSA;1980;gdp_SSP1;entrp_pass_lo_B;57.69183502;
SSA;1985;gdp_SSP1;entrp_pass_lo_B;50.07939207;
SSA;1990;gdp_SSP1;entrp_pass_lo_B;43.53882813;
SSA;1995;gdp_SSP1;entrp_pass_lo_B;45.89294298;
SSA;2000;gdp_SSP1;entrp_pass_lo_B;47.0715006;
SSA;2005;gdp_SSP1;entrp_pass_lo_B;47.22697695;
SSA;2010;gdp_SSP1;entrp_pass_lo_B;46.15995957;
SSA;2015;gdp_SSP1;entrp_pass_lo_B;51.21535308;
SSA;2020;gdp_SSP1;entrp_pass_lo_B;18.56694731;
SSA;2025;gdp_SSP1;entrp_pass_lo_B;38.93578886;
SSA;2030;gdp_SSP1;entrp_pass_lo_B;50.62882219;
SSA;2035;gdp_SSP1;entrp_pass_lo_B;52.81494594;
SSA;2040;gdp_SSP1;entrp_pass_lo_B;55.20387944;
SSA;2045;gdp_SSP1;entrp_pass_lo_B;57.8055753;
SSA;2050;gdp_SSP1;entrp_pass_lo_B;60.60344233;
SSA;2055;gdp_SSP1;entrp_pass_lo_B;63.56080068;
SSA;2060;gdp_SSP1;entrp_pass_lo_B;66.69206657;
SSA;2070;gdp_SSP1;entrp_pass_lo_B;73.26547249;
SSA;2080;gdp_SSP1;entrp_pass_lo_B;80.04783868;
SSA;2090;gdp_SSP1;entrp_pass_lo_B;86.84868009;
SSA;2100;gdp_SSP1;entrp_pass_lo_B;93.52708797;
SSA;2110;gdp_SSP1;entrp_pass_lo_B;93.52708797;
SSA;2130;gdp_SSP1;entrp_pass_lo_B;93.52708797;
SSA;2150;gdp_SSP1;entrp_pass_lo_B;93.52708797;
UKI;1965;gdp_SSP1;entrp_pass_lo_B;1641.13805;
UKI;1970;gdp_SSP1;entrp_pass_lo_B;1601.824975;
UKI;1975;gdp_SSP1;entrp_pass_lo_B;1580.202202;
UKI;1980;gdp_SSP1;entrp_pass_lo_B;1571.820806;
UKI;1985;gdp_SSP1;entrp_pass_lo_B;1562.28645;
UKI;1990;gdp_SSP1;entrp_pass_lo_B;1544.747366;
UKI;1995;gdp_SSP1;entrp_pass_lo_B;1980.76164;
UKI;2000;gdp_SSP1;entrp_pass_lo_B;2396.795999;
UKI;2005;gdp_SSP1;entrp_pass_lo_B;2764.492807;
UKI;2010;gdp_SSP1;entrp_pass_lo_B;2546.743418;
UKI;2015;gdp_SSP1;entrp_pass_lo_B;2881.344796;
UKI;2020;gdp_SSP1;entrp_pass_lo_B;2795.417134;
UKI;2025;gdp_SSP1;entrp_pass_lo_B;2717.046091;
UKI;2030;gdp_SSP1;entrp_pass_lo_B;2648.273852;
UKI;2035;gdp_SSP1;entrp_pass_lo_B;2587.512813;
UKI;2040;gdp_SSP1;entrp_pass_lo_B;2531.698883;
UKI;2045;gdp_SSP1;entrp_pass_lo_B;2478.999836;
UKI;2050;gdp_SSP1;entrp_pass_lo_B;2430.889673;
UKI;2055;gdp_SSP1;entrp_pass_lo_B;2384.525157;
UKI;2060;gdp_SSP1;entrp_pass_lo_B;2344.010539;
UKI;2070;gdp_SSP1;entrp_pass_lo_B;2281.447092;
UKI;2080;gdp_SSP1;entrp_pass_lo_B;2235.042241;
UKI;2090;gdp_SSP1;entrp_pass_lo_B;2207.121664;
UKI;2100;gdp_SSP1;entrp_pass_lo_B;2197.114919;
UKI;2110;gdp_SSP1;entrp_pass_lo_B;2197.114919;
UKI;2130;gdp_SSP1;entrp_pass_lo_B;2197.114919;
UKI;2150;gdp_SSP1;entrp_pass_lo_B;2197.114919;
USA;1965;gdp_SSP1;entrp_pass_lo_B;1153.088197;
USA;1970;gdp_SSP1;entrp_pass_lo_B;1092.642335;
USA;1975;gdp_SSP1;entrp_pass_lo_B;1037.391229;
USA;1980;gdp_SSP1;entrp_pass_lo_B;986.0204467;
USA;1985;gdp_SSP1;entrp_pass_lo_B;941.6809401;
USA;1990;gdp_SSP1;entrp_pass_lo_B;897.5474856;
USA;1995;gdp_SSP1;entrp_pass_lo_B;871.1332292;
USA;2000;gdp_SSP1;entrp_pass_lo_B;850.1441852;
USA;2005;gdp_SSP1;entrp_pass_lo_B;838.5107701;
USA;2010;gdp_SSP1;entrp_pass_lo_B;722.2495521;
USA;2015;gdp_SSP1;entrp_pass_lo_B;978.9198405;
USA;2020;gdp_SSP1;entrp_pass_lo_B;400.0191169;
USA;2025;gdp_SSP1;entrp_pass_lo_B;897.3005958;
USA;2030;gdp_SSP1;entrp_pass_lo_B;1207.895363;
USA;2035;gdp_SSP1;entrp_pass_lo_B;1276.248061;
USA;2040;gdp_SSP1;entrp_pass_lo_B;1333.699119;
USA;2045;gdp_SSP1;entrp_pass_lo_B;1385.097722;
USA;2050;gdp_SSP1;entrp_pass_lo_B;1429.380758;
USA;2055;gdp_SSP1;entrp_pass_lo_B;1467.56241;
USA;2060;gdp_SSP1;entrp_pass_lo_B;1496.192291;
USA;2070;gdp_SSP1;entrp_pass_lo_B;1524.314594;
USA;2080;gdp_SSP1;entrp_pass_lo_B;1531.326418;
USA;2090;gdp_SSP1;entrp_pass_lo_B;1532.751172;
USA;2100;gdp_SSP1;entrp_pass_lo_B;1532.716974;
USA;2110;gdp_SSP1;entrp_pass_lo_B;1532.716974;
USA;2130;gdp_SSP1;entrp_pass_lo_B;1532.716974;
USA;2150;gdp_SSP1;entrp_pass_lo_B;1532.716974;
